Page,Look at this link
https://www.cloudbet.com/en/casino/live/baccarat,/casino
https://www.cloudbet.com/en/casino/live/blackjack,/casino
https://www.cloudbet.com/en/casino/live/table_games,/casino
https://www.cloudbet.com/en/casino/live/roulette,/casino
https://www.cloudbet.com/en/casino/provably-fair,/casino
https://www.cloudbet.com/en/casino/studios/evolution,/casino
https://www.cloudbet.com/en/casino/studios/hacksawgaming,/casino
https://www.cloudbet.com/en/casino/studios/pragmaticplay,/casino
https://www.cloudbet.com/en/sports/mma,/esports
https://www.cloudbet.com/en/sports/virtuals,/esports
https://www.cloudbet.com/en/sports,/esports
https://www.cloudbet.com/en/esports/esport-warcraft,/esports
https://www.cloudbet.com/en/sports/squash,/esports
https://www.cloudbet.com/en/sports/snooker,/esports
https://www.cloudbet.com/en/sports/motorsport,/esports
https://www.cloudbet.com/en/sports/mma,/sports
https://www.cloudbet.com/en/sports/olympics,/sports
https://www.cloudbet.com/en/sports/virtuals,/sports
https://www.cloudbet.com/en/esports,/sports
https://www.cloudbet.com/en/sports/american-football/usa-nfl,/sports
https://www.cloudbet.com/en/sports/aussie-rules/australia-afl,/sports
https://www.cloudbet.com/en/sports/baseball/japan-t903c-npb,/sports
https://www.cloudbet.com/en/sports/mma/international-pfl,/sports
https://www.cloudbet.com/en/sports/soccer/england-fa-cup,/sports
https://www.cloudbet.com/en/sports/basketball/international-club-friendly-games,/sports
https://www.cloudbet.com/en/sports/soccer/england-premier-league,/sports
https://www.cloudbet.com/en/sports/tennis/atp-wimbledon-men-s-singles,/sports